lon,lat,weather,base,temp,feels_like,temp_min,temp_max,pressure,humidity,sea_level,grnd_level,visibility,speed,deg,gust,all,dt,type,id,country,sunrise,sunset,timezone,name,cod
-87.9668,43.0006,"[{'id': 803, 'main': 'Clouds', 'description': 'broken clouds', 'icon': '04d'}]",stations,287.29,285.83,286.64,288.18,1010,41,1010,984,10000,10.29,250,12.86,75,1741558785,2,5263058,US,1741522444,1741564248,-18000,Milwaukee,200.0
-87.9668,43.0006,"[{'id': 803, 'main': 'Clouds', 'description': 'broken clouds', 'icon': '04d'}]",stations,286.97,285.53,286.58,287.33,1010,43,1010,984,10000,10.29,250,12.86,75,1741560086,2,5263058,US,1741522444,1741564248,-18000,Milwaukee,200.0
-87.9668,43.0006,"[{'id': 803, 'main': 'Clouds', 'description': 'broken clouds', 'icon': '04d'}]",stations,286.81,285.35,286.58,287.33,1010,43,1010,984,10000,10.29,250,12.86,75,1741560600,2,5263058,US,1741522444,1741564248,-18000,Milwaukee,200.0
-87.9668,43.0006,"[{'id': 803, 'main': 'Clouds', 'description': 'broken clouds', 'icon': '04d'}]",stations,286.81,285.38,286.16,287.33,1010,44,1010,984,10000,7.2,240,11.32,75,1741561542,2,5263058,US,1741522444,1741564248,-18000,Milwaukee,200.0
-87.9668,43.0006,"[{'id': 803, 'main': 'Clouds', 'description': 'broken clouds', 'icon': '04d'}]",stations,286.68,285.24,285.64,287.33,1010,44,1010,984,10000,7.2,240,11.32,75,1741562341,2,5263058,US,1741522444,1741564248,-18000,Milwaukee,200.0
-87.9668,43.0006,"[{'id': 803, 'main': 'Clouds', 'description': 'broken clouds', 'icon': '04d'}]",stations,286.68,285.24,285.64,287.33,1010,44,1010,984,10000,7.2,240,11.32,75,1741562341,2,5263058,US,1741522444,1741564248,-18000,Milwaukee,200.0
-87.9668,43.0006,"[{'id': 803, 'main': 'Clouds', 'description': 'broken clouds', 'icon': '04d'}]",stations,286.7,285.23,286.25,287.33,1010,43,1010,984,10000,7.2,240,11.32,75,1741563151,2,5263058,US,1741522444,1741564248,-18000,Milwaukee,200.0
-87.9668,43.0006,"[{'id': 803, 'main': 'Clouds', 'description': 'broken clouds', 'icon': '04d'}]",stations,286.17,284.7,285.09,287.33,1010,45,1010,984,10000,7.2,240,11.32,75,1741563716,2,5263058,US,1741522444,1741564248,-18000,Milwaukee,200.0
-87.9668,43.0006,"[{'id': 803, 'main': 'Clouds', 'description': 'broken clouds', 'icon': '04n'}]",stations,285.54,284.14,285.05,285.75,1010,50,1010,984,10000,2.68,217,5.81,78,1741564333,2,5263058,US,1741522444,1741564248,-18000,Milwaukee,200.0
-87.9668,43.0006,"[{'id': 803, 'main': 'Clouds', 'description': 'broken clouds', 'icon': '04n'}]",stations,284.46,283.06,283.94,285.64,1011,54,1011,985,10000,6.17,230,75.0,1741567202,2,5263058,US,1741522444,1741564248,-18000,Milwaukee,200,
-87.9668,43.0006,"[{'id': 802, 'main': 'Clouds', 'description': 'scattered clouds', 'icon': '03n'}]",stations,283.46,282.03,282.8,284.45,1011,57,1011,985,10000,6.17,220,11.32,40,1741571356,2,5263058,US,1741522444,1741564248,-18000,Milwaukee,200.0
-87.9668,43.0006,"[{'id': 800, 'main': 'Clear', 'description': 'clear sky', 'icon': '01n'}]",stations,282.95,280.85,282.27,283.87,1011,58,1011,985,10000,4.12,220,7.2,0,1741573583,2,5263058,US,1741522444,1741564248,-18000,Milwaukee,200.0
-87.9668,43.0006,"[{'id': 804, 'main': 'Clouds', 'description': 'overcast clouds', 'icon': '04n'}]",stations,282.85,281.5,281.71,283.34,1011,60,1011,985,10000,2.68,247,5.36,100,1741574717,2,5263058,US,1741522444,1741564248,-18000,Milwaukee,200.0
-87.9668,43.0006,"[{'id': 804, 'main': 'Clouds', 'description': 'overcast clouds', 'icon': '04n'}]",stations,282.6,281.51,281.71,283.34,1011,60,1011,985,10000,2.24,194,5.36,100,1741575156,2,5263058,US,1741522444,1741564248,-18000,Milwaukee,200.0
-87.9668,43.0006,"[{'id': 801, 'main': 'Clouds', 'description': 'few clouds', 'icon': '02n'}]",stations,282.56,279.95,281.33,283.53,1011,59,1011,985,10000,5.14,240,20.0,1741576236,2,5263058,US,1741522444,1741564248,-18000,Milwaukee,200,
-87.9668,43.0006,"[{'id': 801, 'main': 'Clouds', 'description': 'few clouds', 'icon': '02n'}]",stations,282.38,279.72,281.33,283.53,1011,60,1011,985,10000,5.14,240,20.0,1741577278,2,5263058,US,1741522444,1741564248,-18000,Milwaukee,200,
-87.9668,43.0006,"[{'id': 801, 'main': 'Clouds', 'description': 'few clouds', 'icon': '02n'}]",stations,282.38,279.72,281.33,283.53,1011,60,1011,985,10000,5.14,240,20.0,1741577328,2,5263058,US,1741522444,1741564248,-18000,Milwaukee,200,
-87.9668,43.0006,"[{'id': 801, 'main': 'Clouds', 'description': 'few clouds', 'icon': '02n'}]",stations,282.0,279.25,281.16,283.19,1011,62,1011,985,10000,5.14,240,20.0,1741577941,2,5263058,US,1741522444,1741564248,-18000,Milwaukee,200,
-87.9668,43.0006,"[{'id': 804, 'main': 'Clouds', 'description': 'overcast clouds', 'icon': '04n'}]",stations,281.79,280.95,281.22,282.73,1011,63,1011,985,10000,1.79,263,4.02,100,1741578714,2,5263058,US,1741522444,1741564248,-18000,Milwaukee,200.0
-87.9668,43.0006,"[{'id': 801, 'main': 'Clouds', 'description': 'few clouds', 'icon': '02n'}]",stations,281.68,278.65,280.7,282.73,1011,62,1011,985,10000,5.66,240,9.77,20,1741579733,2,5263058,US,1741522444,1741564248,-18000,Milwaukee,200.0
-87.9668,43.0006,"[{'id': 801, 'main': 'Clouds', 'description': 'few clouds', 'icon': '02n'}]",stations,281.56,278.5,280.6,282.57,1011,63,1011,985,10000,5.66,240,9.77,20,1741580724,2,5263058,US,1741522444,1741564248,-18000,Milwaukee,200.0
-87.9668,43.0006,"[{'id': 801, 'main': 'Clouds', 'description': 'few clouds', 'icon': '02n'}]",stations,281.08,277.89,280.15,282.19,1011,64,1011,985,10000,5.66,240,9.77,20,1741581466,2,5263058,US,1741522444,1741564248,-18000,Milwaukee,200.0
-87.9668,43.0006,"[{'id': 801, 'main': 'Clouds', 'description': 'few clouds', 'icon': '02n'}]",stations,281.16,277.99,280.15,282.19,1011,64,1011,985,10000,5.66,240,9.77,20,1741581686,2,5263058,US,1741522444,1741564248,-18000,Milwaukee,200.0
-87.9668,43.0006,"[{'id': 801, 'main': 'Clouds', 'description': 'few clouds', 'icon': '02n'}]",stations,281.15,277.98,280.15,282.19,1011,64,1011,985,10000,5.66,240,9.77,20,1741582331,2,5263058,US,1741522444,1741564248,-18000,Milwaukee,200.0
-87.9668,43.0006,"[{'id': 800, 'main': 'Clear', 'description': 'clear sky', 'icon': '01n'}]",stations,281.02,278.75,280.15,282.05,1011,65,1011,985,10000,3.6,240,0.0,1741583255,2,5263058,US,1741608740,1741650720,-18000,Milwaukee,200,
-87.9668,43.0006,"[{'id': 800, 'main': 'Clear', 'description': 'clear sky', 'icon': '01n'}]",stations,280.99,278.71,280.15,282.05,1011,65,1011,985,10000,3.6,240,0.0,1741584027,2,5263058,US,1741608740,1741650720,-18000,Milwaukee,200,
-87.9668,43.0006,"[{'id': 800, 'main': 'Clear', 'description': 'clear sky', 'icon': '01n'}]",stations,280.99,278.71,280.15,282.05,1011,65,1011,985,10000,3.6,240,0.0,1741584027,2,5263058,US,1741608740,1741650720,-18000,Milwaukee,200,
-87.9668,43.0006,"[{'id': 803, 'main': 'Clouds', 'description': 'broken clouds', 'icon': '04n'}]",stations,280.63,279.2,279.92,281.64,1011,66,1011,984,10000,2.24,238,4.02,69,1741585088,2,5263058,US,1741608740,1741650720,-18000,Milwaukee,200.0
-87.9668,43.0006,"[{'id': 803, 'main': 'Clouds', 'description': 'broken clouds', 'icon': '04n'}]",stations,280.6,279.57,279.92,281.56,1011,67,1011,984,10000,1.79,228,3.58,69,1741585798,2,5263058,US,1741608740,1741650720,-18000,Milwaukee,200.0
-87.9668,43.0006,"[{'id': 803, 'main': 'Clouds', 'description': 'broken clouds', 'icon': '04n'}]",stations,280.46,279.0,279.98,281.49,1011,67,1011,984,10000,2.24,230,4.02,69,1741586888,2,5263058,US,1741608740,1741650720,-18000,Milwaukee,200.0
-87.9668,43.0006,"[{'id': 800, 'main': 'Clear', 'description': 'clear sky', 'icon': '01n'}]",stations,280.33,279.26,279.68,281.12,1011,68,1011,984,10000,1.79,250,4.47,0,1741588200,2,5263058,US,1741608740,1741650720,-18000,Milwaukee,200.0
-87.9668,43.0006,"[{'id': 800, 'main': 'Clear', 'description': 'clear sky', 'icon': '01n'}]",stations,280.3,279.23,279.13,281.12,1011,67,1011,984,10000,1.79,235,3.58,0,1741588700,2,5263058,US,1741608740,1741650720,-18000,Milwaukee,200.0
-87.9668,43.0006,"[{'id': 800, 'main': 'Clear', 'description': 'clear sky', 'icon': '01n'}]",stations,280.14,279.57,278.85,280.91,1011,68,1011,984,10000,1.34,238,3.58,0,1741589481,2,5263058,US,1741608740,1741650720,-18000,Milwaukee,200.0
-87.9668,43.0006,"[{'id': 800, 'main': 'Clear', 'description': 'clear sky', 'icon': '01n'}]",stations,279.95,277.44,278.57,280.9,1011,69,1011,984,10000,3.6,250,0.0,1741590627,2,5263058,US,1741608740,1741650720,-18000,Milwaukee,200,
-87.9668,43.0006,"[{'id': 800, 'main': 'Clear', 'description': 'clear sky', 'icon': '01n'}]",stations,279.62,278.72,278.01,280.56,1011,71,1011,984,10000,1.54,260,0.0,1741591544,2,5263058,US,1741608740,1741650720,-18000,Milwaukee,200,
-87.9668,43.0006,"[{'id': 800, 'main': 'Clear', 'description': 'clear sky', 'icon': '01n'}]",stations,279.62,278.72,278.01,280.56,1011,71,1011,984,10000,1.54,260,0.0,1741591641,2,5263058,US,1741608740,1741650720,-18000,Milwaukee,200,
-87.9668,43.0006,"[{'id': 800, 'main': 'Clear', 'description': 'clear sky', 'icon': '01n'}]",stations,279.43,278.51,278.01,280.56,1010,70,1010,984,10000,1.54,260,0.0,1741592300,2,5263058,US,1741608740,1741650720,-18000,Milwaukee,200,
-87.9668,43.0006,"[{'id': 800, 'main': 'Clear', 'description': 'clear sky', 'icon': '01n'}]",stations,279.43,278.51,278.01,280.56,1010,70,1010,984,10000,1.54,260,0.0,1741592300,2,5263058,US,1741608740,1741650720,-18000,Milwaukee,200,
-87.9668,43.0006,"[{'id': 801, 'main': 'Clouds', 'description': 'few clouds', 'icon': '02n'}]",stations,278.66,277.05,277.2,280.26,1010,73,1010,984,10000,2.06,260,20.0,1741594340,2,5263058,US,1741608740,1741650720,-18000,Milwaukee,200,
-87.9668,43.0006,"[{'id': 801, 'main': 'Clouds', 'description': 'few clouds', 'icon': '02n'}]",stations,278.59,277.81,276.49,279.8,1010,74,1010,984,10000,1.34,250,1.79,20,1741595432,2,5263058,US,1741608740,1741650720,-18000,Milwaukee,200.0
-87.9668,43.0006,"[{'id': 801, 'main': 'Clouds', 'description': 'few clouds', 'icon': '02n'}]",stations,278.26,277.44,276.56,279.45,1010,76,1010,984,10000,1.34,259,1.79,20,1741596133,2,5263058,US,1741608740,1741650720,-18000,Milwaukee,200.0
-87.9668,43.0006,"[{'id': 801, 'main': 'Clouds', 'description': 'few clouds', 'icon': '02n'}]",stations,278.26,277.44,276.56,279.45,1010,76,1010,984,10000,1.34,259,1.79,20,1741596133,2,5263058,US,1741608740,1741650720,-18000,Milwaukee,200.0
-87.9668,43.0006,"[{'id': 800, 'main': 'Clear', 'description': 'clear sky', 'icon': '01n'}]",stations,277.28,275.44,275.94,279.15,1010,79,1010,984,10000,2.06,220,0.0,1741597800,2,5263058,US,1741608740,1741650720,-18000,Milwaukee,200,
-87.9668,43.0006,"[{'id': 800, 'main': 'Clear', 'description': 'clear sky', 'icon': '01n'}]",stations,277.37,276.15,275.66,278.9,1010,78,1010,984,10000,1.54,230,0.0,1741598687,2,5263058,US,1741608740,1741650720,-18000,Milwaukee,200,
-87.9668,43.0006,"[{'id': 800, 'main': 'Clear', 'description': 'clear sky', 'icon': '01n'}]",stations,277.31,276.09,275.75,278.69,1010,78,1010,983,10000,1.54,230,0.0,1741599165,2,5263058,US,1741608740,1741650720,-18000,Milwaukee,200,
-87.9668,43.0006,"[{'id': 800, 'main': 'Clear', 'description': 'clear sky', 'icon': '01n'}]",stations,277.19,275.95,275.38,278.68,1010,78,1010,983,10000,1.54,230,0.0,1741599658,2,5263058,US,1741608740,1741650720,-18000,Milwaukee,200,
-87.9668,43.0006,"[{'id': 800, 'main': 'Clear', 'description': 'clear sky', 'icon': '01n'}]",stations,276.83,275.54,275.11,278.13,1010,80,1010,983,10000,1.54,230,0.0,1741600068,2,5263058,US,1741608740,1741650720,-18000,Milwaukee,200,
-87.9668,43.0006,"[{'id': 801, 'main': 'Clouds', 'description': 'few clouds', 'icon': '02n'}]",stations,276.64,276.64,274.83,278.34,1010,80,1010,983,10000,0.89,232,1.79,20,1741601297,2,5263058,US,1741608740,1741650720,-18000,Milwaukee,200.0
-87.9668,43.0006,"[{'id': 801, 'main': 'Clouds', 'description': 'few clouds', 'icon': '02n'}]",stations,276.4,276.4,274.9,278.34,1010,81,1010,983,10000,0.89,235,1.34,20,1741602532,2,5263058,US,1741608740,1741650720,-18000,Milwaukee,200.0
-87.9668,43.0006,"[{'id': 801, 'main': 'Clouds', 'description': 'few clouds', 'icon': '02n'}]",stations,276.18,276.18,274.55,277.78,1010,81,1010,983,10000,0.89,233,1.79,20,1741603055,2,5263058,US,1741608740,1741650720,-18000,Milwaukee,200.0
-87.9668,43.0006,"[{'id': 801, 'main': 'Clouds', 'description': 'few clouds', 'icon': '02n'}]",stations,276.03,276.03,274.33,277.78,1010,82,1010,983,10000,0.89,233,1.79,20,1741603224,2,5263058,US,1741608740,1741650720,-18000,Milwaukee,200.0
-87.9668,43.0006,"[{'id': 801, 'main': 'Clouds', 'description': 'few clouds', 'icon': '02n'}]",stations,276.03,276.03,274.33,277.78,1010,82,1010,983,10000,0.89,233,1.79,20,1741603224,2,5263058,US,1741608740,1741650720,-18000,Milwaukee,200.0
-87.9668,43.0006,"[{'id': 801, 'main': 'Clouds', 'description': 'few clouds', 'icon': '02n'}]",stations,275.89,274.76,274.0,277.78,1010,82,1010,983,10000,1.34,229,2.68,20,1741604797,2,5263058,US,1741608740,1741650720,-18000,Milwaukee,200.0
-87.9668,43.0006,"[{'id': 801, 'main': 'Clouds', 'description': 'few clouds', 'icon': '02n'}]",stations,275.95,274.2,274.0,277.78,1010,82,1010,983,10000,1.79,245,3.13,20,1741605600,2,5263058,US,1741608740,1741650720,-18000,Milwaukee,200.0
-87.9668,43.0006,"[{'id': 801, 'main': 'Clouds', 'description': 'few clouds', 'icon': '02n'}]",stations,275.98,274.86,274.33,277.78,1010,83,1010,983,10000,1.34,233,3.13,20,1741605996,2,5263058,US,1741608740,1741650720,-18000,Milwaukee,200.0
-87.9668,43.0006,"[{'id': 801, 'main': 'Clouds', 'description': 'few clouds', 'icon': '02n'}]",stations,276.2,275.11,274.33,277.78,1010,82,1010,983,10000,1.34,233,3.13,20,1741606280,2,5263058,US,1741608740,1741650720,-18000,Milwaukee,200.0
-87.9668,43.0006,"[{'id': 801, 'main': 'Clouds', 'description': 'few clouds', 'icon': '02n'}]",stations,276.22,275.13,274.33,277.78,1010,83,1010,983,10000,1.34,236,2.68,20,1741606926,2,5263058,US,1741608740,1741650720,-18000,Milwaukee,200.0
-87.9668,43.0006,"[{'id': 801, 'main': 'Clouds', 'description': 'few clouds', 'icon': '02n'}]",stations,276.22,275.13,274.33,277.78,1010,83,1010,983,10000,1.34,236,2.68,20,1741606926,2,5263058,US,1741608740,1741650720,-18000,Milwaukee,200.0
-87.9668,43.0006,"[{'id': 800, 'main': 'Clear', 'description': 'clear sky', 'icon': '01d'}]",stations,276.06,276.06,274.67,277.78,1010,83,1010,983,10000,0.89,225,1.34,0,1741609199,2,5263058,US,1741608740,1741650720,-18000,Milwaukee,200.0
-87.9668,43.0006,"[{'id': 801, 'main': 'Clouds', 'description': 'few clouds', 'icon': '02d'}]",stations,276.43,273.95,274.68,278.19,1010,82,1010,983,10000,2.57,240,20.0,1741611382,2,5263058,US,1741608740,1741650720,-18000,Milwaukee,200,
-87.9668,43.0006,"[{'id': 800, 'main': 'Clear', 'description': 'clear sky', 'icon': '01d'}]",stations,276.88,274.97,274.9,278.13,1009,81,1009,983,10000,2.06,230,0.0,1741612800,2,5263058,US,1741608740,1741650720,-18000,Milwaukee,200,
-87.9668,43.0006,"[{'id': 800, 'main': 'Clear', 'description': 'clear sky', 'icon': '01d'}]",stations,277.99,276.27,276.56,279.23,1009,76,1009,983,10000,2.06,230,0.0,1741613849,2,5263058,US,1741608740,1741650720,-18000,Milwaukee,200,
-87.9668,43.0006,"[{'id': 800, 'main': 'Clear', 'description': 'clear sky', 'icon': '01d'}]",stations,278.73,277.13,277.19,279.45,1009,75,1009,983,10000,2.06,230,0.0,1741614729,2,5263058,US,1741608740,1741650720,-18000,Milwaukee,200,
-87.9668,43.0006,"[{'id': 800, 'main': 'Clear', 'description': 'clear sky', 'icon': '01d'}]",stations,279.81,277.96,277.73,280.35,1009,72,1009,983,10000,2.57,210,0.0,1741615609,2,5263058,US,1741608740,1741650720,-18000,Milwaukee,200,
-87.9668,43.0006,"[{'id': 800, 'main': 'Clear', 'description': 'clear sky', 'icon': '01d'}]",stations,280.41,278.67,278.98,281.26,1009,70,1009,983,10000,2.57,210,0.0,1741617000,2,5263058,US,1741608740,1741650720,-18000,Milwaukee,200,
-87.9668,43.0006,"[{'id': 800, 'main': 'Clear', 'description': 'clear sky', 'icon': '01d'}]",stations,281.42,280.27,279.96,282.37,1009,69,1009,983,10000,2.06,240,0.0,1741617916,2,5263058,US,1741608740,1741650720,-18000,Milwaukee,200,
-87.9668,43.0006,"[{'id': 800, 'main': 'Clear', 'description': 'clear sky', 'icon': '01d'}]",stations,281.52,280.39,280.09,282.37,1009,68,1009,983,10000,2.06,240,0.0,1741618056,2,5263058,US,1741608740,1741650720,-18000,Milwaukee,200,
-87.9668,43.0006,"[{'id': 801, 'main': 'Clouds', 'description': 'few clouds', 'icon': '02d'}]",stations,282.76,280.87,281.33,283.87,1009,66,1009,983,10000,3.6,240,20.0,1741619326,2,5263058,US,1741608740,1741650720,-18000,Milwaukee,200,
-87.9668,43.0006,"[{'id': 800, 'main': 'Clear', 'description': 'clear sky', 'icon': '01d'}]",stations,284.15,282.92,282.56,285.24,1008,62,1008,982,10000,2.24,249,4.02,0,1741620654,2,5263058,US,1741608740,1741650720,-18000,Milwaukee,200.0
-87.9668,43.0006,"[{'id': 800, 'main': 'Clear', 'description': 'clear sky', 'icon': '01d'}]",stations,284.72,283.5,282.86,285.89,1008,60,1008,982,10000,2.24,189,4.02,0,1741621116,2,5263058,US,1741608740,1741650720,-18000,Milwaukee,200.0
-87.9668,43.0006,"[{'id': 800, 'main': 'Clear', 'description': 'clear sky', 'icon': '01d'}]",stations,285.46,284.26,283.42,286.8,1008,58,1008,982,10000,2.24,250,5.36,0,1741621766,2,5263058,US,1741608740,1741650720,-18000,Milwaukee,200.0
-87.9668,43.0006,"[{'id': 801, 'main': 'Clouds', 'description': 'few clouds', 'icon': '02d'}]",stations,286.42,285.21,285.09,287.46,1008,54,1008,982,10000,5.14,240,20.0,1741622893,2,5263058,US,1741608740,1741650720,-18000,Milwaukee,200,
-87.9668,43.0006,"[{'id': 800, 'main': 'Clear', 'description': 'clear sky', 'icon': '01d'}]",stations,287.36,286.17,286.33,288.57,1007,51,1007,982,10000,3.6,220,0.0,1741624476,2,5263058,US,1741608740,1741650720,-18000,Milwaukee,200,
-87.9668,43.0006,"[{'id': 800, 'main': 'Clear', 'description': 'clear sky', 'icon': '01d'}]",stations,288.47,287.31,286.64,289.64,1007,48,1007,982,10000,3.13,245,8.05,1,1741625357,2,5263058,US,1741608740,1741650720,-18000,Milwaukee,200.0
-87.9668,43.0006,"[{'id': 800, 'main': 'Clear', 'description': 'clear sky', 'icon': '01d'}]",stations,288.6,287.4,287.33,289.64,1007,46,1007,982,10000,5.66,230,7.72,0,1741625880,2,5263058,US,1741608740,1741650720,-18000,Milwaukee,200.0
-87.9668,43.0006,"[{'id': 801, 'main': 'Clouds', 'description': 'few clouds', 'icon': '02d'}]",stations,289.13,287.88,288.33,290.11,1007,42,1007,982,10000,6.69,220,20.0,1741626772,2,5263058,US,1741608740,1741650720,-18000,Milwaukee,200,
-87.9668,43.0006,"[{'id': 801, 'main': 'Clouds', 'description': 'few clouds', 'icon': '02d'}]",stations,290.03,288.84,289.0,290.89,1006,41,1006,981,10000,6.69,220,20.0,1741627878,2,5263058,US,1741608740,1741650720,-18000,Milwaukee,200,
-87.9668,43.0006,"[{'id': 801, 'main': 'Clouds', 'description': 'few clouds', 'icon': '02d'}]",stations,290.39,289.19,289.18,291.34,1006,39,1006,981,10000,6.69,220,20.0,1741628459,2,5263058,US,1741608740,1741650720,-18000,Milwaukee,200,
-87.9668,43.0006,"[{'id': 801, 'main': 'Clouds', 'description': 'few clouds', 'icon': '02d'}]",stations,290.39,289.19,289.18,291.34,1006,39,1006,981,10000,6.69,220,20.0,1741628459,2,5263058,US,1741608740,1741650720,-18000,Milwaukee,200,
-87.9668,43.0006,"[{'id': 802, 'main': 'Clouds', 'description': 'scattered clouds', 'icon': '03d'}]",stations,290.88,289.67,289.7,291.45,1006,37,1006,981,10000,7.72,230,9.26,40,1741630094,2,5263058,US,1741608740,1741650720,-18000,Milwaukee,200.0
-87.9668,43.0006,"[{'id': 802, 'main': 'Clouds', 'description': 'scattered clouds', 'icon': '03d'}]",stations,291.54,290.35,290.64,292.45,1005,35,1005,980,10000,7.72,230,9.26,40,1741631789,2,5263058,US,1741608740,1741650720,-18000,Milwaukee,200.0
-87.9668,43.0006,"[{'id': 802, 'main': 'Clouds', 'description': 'scattered clouds', 'icon': '03d'}]",stations,291.65,290.5,290.64,292.46,1005,36,1005,980,10000,7.72,230,9.26,40,1741632401,2,5263058,US,1741608740,1741650720,-18000,Milwaukee,200.0
-87.9668,43.0006,"[{'id': 802, 'main': 'Clouds', 'description': 'scattered clouds', 'icon': '03d'}]",stations,292.01,290.87,291.1,292.8,1005,35,1005,980,10000,5.66,250,10.8,40,1741632903,2,5263058,US,1741608740,1741650720,-18000,Milwaukee,200.0
-87.9668,43.0006,"[{'id': 800, 'main': 'Clear', 'description': 'clear sky', 'icon': '01d'}]",stations,292.0,290.85,291.16,292.8,1005,35,1005,980,10000,5.66,240,0.0,1741633270,2,5263058,US,1741608740,1741650720,-18000,Milwaukee,200,
-87.9668,43.0006,"[{'id': 802, 'main': 'Clouds', 'description': 'scattered clouds', 'icon': '03d'}]",stations,292.04,290.9,291.19,292.8,1005,35,1005,980,10000,5.66,240,11.83,40,1741634563,2,5263058,US,1741608740,1741650720,-18000,Milwaukee,200.0
-87.9668,43.0006,"[{'id': 802, 'main': 'Clouds', 'description': 'scattered clouds', 'icon': '03d'}]",stations,292.0,290.85,291.19,292.8,1004,35,1004,979,10000,5.66,240,11.83,40,1741635000,2,5263058,US,1741608740,1741650720,-18000,Milwaukee,200.0
-87.9668,43.0006,"[{'id': 802, 'main': 'Clouds', 'description': 'scattered clouds', 'icon': '03d'}]",stations,291.99,290.84,291.13,293.01,1004,35,1004,979,10000,5.66,240,11.83,40,1741635725,2,5263058,US,1741608740,1741650720,-18000,Milwaukee,200.0
-87.9668,43.0006,"[{'id': 802, 'main': 'Clouds', 'description': 'scattered clouds', 'icon': '03d'}]",stations,292.05,290.91,291.19,293.01,1004,35,1004,979,10000,5.66,240,11.83,40,1741636205,2,5263058,US,1741608740,1741650720,-18000,Milwaukee,200.0
-87.9668,43.0006,"[{'id': 802, 'main': 'Clouds', 'description': 'scattered clouds', 'icon': '03d'}]",stations,292.37,291.24,291.37,293.0,1004,34,1004,979,10000,7.72,220,10.29,40,1741637427,2,5263058,US,1741608740,1741650720,-18000,Milwaukee,200.0
-87.9668,43.0006,"[{'id': 802, 'main': 'Clouds', 'description': 'scattered clouds', 'icon': '03d'}]",stations,292.47,291.32,291.64,293.36,1004,33,1004,979,10000,7.72,220,10.29,40,1741638583,2,5263058,US,1741608740,1741650720,-18000,Milwaukee,200.0
-87.9668,43.0006,"[{'id': 802, 'main': 'Clouds', 'description': 'scattered clouds', 'icon': '03d'}]",stations,292.53,291.41,291.64,293.44,1003,34,1003,978,10000,7.72,220,10.29,40,1741639425,2,5263058,US,1741608740,1741650720,-18000,Milwaukee,200.0
-87.9668,43.0006,"[{'id': 802, 'main': 'Clouds', 'description': 'scattered clouds', 'icon': '03d'}]",stations,292.59,291.48,291.64,293.44,1003,34,1003,978,10000,7.72,220,10.29,40,1741639638,2,5263058,US,1741608740,1741650720,-18000,Milwaukee,200.0
-87.9668,43.0006,"[{'id': 802, 'main': 'Clouds', 'description': 'scattered clouds', 'icon': '03d'}]",stations,292.56,291.42,291.77,293.44,1003,33,1003,978,10000,7.72,220,10.29,40,1741640298,2,5263058,US,1741608740,1741650720,-18000,Milwaukee,200.0
-87.9668,43.0006,"[{'id': 803, 'main': 'Clouds', 'description': 'broken clouds', 'icon': '04d'}]",stations,292.59,291.43,291.77,293.44,1003,32,1003,978,10000,7.2,220,13.38,75,1741641932,2,5263058,US,1741608740,1741650720,-18000,Milwaukee,200.0
-87.9668,43.0006,"[{'id': 803, 'main': 'Clouds', 'description': 'broken clouds', 'icon': '04d'}]",stations,292.39,291.18,291.75,292.97,1002,31,1002,977,10000,7.2,220,13.38,75,1741642418,2,5263058,US,1741608740,1741650720,-18000,Milwaukee,200.0
-87.9668,43.0006,"[{'id': 803, 'main': 'Clouds', 'description': 'broken clouds', 'icon': '04d'}]",stations,292.37,291.16,291.75,292.82,1002,31,1002,977,10000,7.2,220,13.38,75,1741642800,2,5263058,US,1741608740,1741650720,-18000,Milwaukee,200.0
-87.9668,43.0006,"[{'id': 803, 'main': 'Clouds', 'description': 'broken clouds', 'icon': '04d'}]",stations,292.22,291.02,291.33,292.82,1002,32,1002,977,10000,7.72,240,12.86,75,1741643302,2,5263058,US,1741608740,1741650720,-18000,Milwaukee,200.0
-87.9668,43.0006,"[{'id': 803, 'main': 'Clouds', 'description': 'broken clouds', 'icon': '04d'}]",stations,292.28,291.06,291.33,293.18,1002,31,1002,977,10000,8.75,220,12.35,75,1741644582,2,5263058,US,1741608740,1741650720,-18000,Milwaukee,200.0
-87.9668,43.0006,"[{'id': 803, 'main': 'Clouds', 'description': 'broken clouds', 'icon': '04d'}]",stations,292.37,291.16,291.33,293.18,1002,31,1002,977,10000,8.75,220,12.35,75,1741645205,2,5263058,US,1741608740,1741650720,-18000,Milwaukee,200.0
-87.9668,43.0006,"[{'id': 803, 'main': 'Clouds', 'description': 'broken clouds', 'icon': '04d'}]",stations,292.09,290.82,290.64,292.33,1002,30,1002,976,10000,8.75,220,12.35,75,1741646424,2,5263058,US,1741608740,1741650720,-18000,Milwaukee,200.0
-87.9668,43.0006,"[{'id': 803, 'main': 'Clouds', 'description': 'broken clouds', 'icon': '04d'}]",stations,291.74,290.44,291.31,292.19,1002,30,1002,976,10000,8.75,220,12.35,75,1741646946,1,5263058,US,1741608740,1741650720,-18000,Milwaukee,200.0
-87.9668,43.0006,"[{'id': 802, 'main': 'Clouds', 'description': 'scattered clouds', 'icon': '03d'}]",stations,291.44,290.19,290.75,291.77,1002,33,1002,976,10000,7.72,220,12.86,40,1741648119,2,5263058,US,1741608740,1741650720,-18000,Milwaukee,200.0
-87.9668,43.0006,"[{'id': 802, 'main': 'Clouds', 'description': 'scattered clouds', 'icon': '03d'}]",stations,290.99,289.74,290.34,291.67,1002,35,1002,976,10000,7.72,220,12.86,40,1741649135,2,5263058,US,1741608740,1741650720,-18000,Milwaukee,200.0
-87.9668,43.0006,"[{'id': 802, 'main': 'Clouds', 'description': 'scattered clouds', 'icon': '03d'}]",stations,290.99,289.74,290.34,291.67,1002,35,1002,976,10000,7.72,220,12.86,40,1741649135,2,5263058,US,1741608740,1741650720,-18000,Milwaukee,200.0
-87.9668,43.0006,"[{'id': 802, 'main': 'Clouds', 'description': 'scattered clouds', 'icon': '03d'}]",stations,290.73,289.38,290.03,291.64,1001,32,1001,976,10000,7.72,220,12.86,40,1741649871,2,5263058,US,1741608740,1741650720,-18000,Milwaukee,200.0
-87.9668,43.0006,"[{'id': 802, 'main': 'Clouds', 'description': 'scattered clouds', 'icon': '03d'}]",stations,290.37,289.09,289.64,291.33,1001,36,1001,976,10000,7.72,220,12.86,40,1741650634,2,5263058,US,1741608740,1741650720,-18000,Milwaukee,200.0
-87.9668,43.0006,"[{'id': 803, 'main': 'Clouds', 'description': 'broken clouds', 'icon': '04n'}]",stations,288.4,287.13,287.37,289.45,1001,44,1001,976,10000,6.17,210,9.77,75,1741654270,2,5263058,US,1741608740,1741650720,-18000,Milwaukee,200.0
-87.9668,43.0006,"[{'id': 801, 'main': 'Clouds', 'description': 'few clouds', 'icon': '02n'}]",stations,286.96,285.65,286.19,287.97,1001,48,1001,975,10000,5.14,200,20.0,1741659209,2,5263058,US,1741608740,1741650720,-18000,Milwaukee,200,
-87.9668,43.0006,"[{'id': 800, 'main': 'Clear', 'description': 'clear sky', 'icon': '01n'}]",stations,286.69,285.38,285.7,287.88,1000,49,1000,975,10000,4.12,200,7.2,0,1741662067,2,5263058,US,1741608740,1741650720,-18000,Milwaukee,200.0
-87.9668,43.0006,"[{'id': 801, 'main': 'Clouds', 'description': 'few clouds', 'icon': '02n'}]",stations,286.78,285.45,286.09,288.03,1000,48,1000,975,10000,4.63,210,20.0,1741664103,2,5263058,US,1741608740,1741650720,-18000,Milwaukee,200,
-87.9668,43.0006,"[{'id': 801, 'main': 'Clouds', 'description': 'few clouds', 'icon': '02n'}]",stations,286.62,285.28,285.7,288.01,1000,48,1000,975,10000,4.63,210,20.0,1741664707,2,5263058,US,1741608740,1741650720,-18000,Milwaukee,200,
-87.9668,43.0006,"[{'id': 801, 'main': 'Clouds', 'description': 'few clouds', 'icon': '02n'}]",stations,286.66,285.32,286.07,288.01,1000,48,1000,975,10000,4.63,210,20.0,1741665201,2,5263058,US,1741608740,1741650720,-18000,Milwaukee,200,
-87.9668,43.0006,"[{'id': 801, 'main': 'Clouds', 'description': 'few clouds', 'icon': '02n'}]",stations,286.73,285.37,286.13,288.03,1000,47,1000,975,10000,7.72,230,9.77,20,1741666393,2,5263058,US,1741608740,1741650720,-18000,Milwaukee,200.0
-87.9668,43.0006,"[{'id': 801, 'main': 'Clouds', 'description': 'few clouds', 'icon': '02n'}]",stations,286.96,285.6,286.19,288.16,1000,46,1000,975,10000,7.2,220,20.0,1741667362,2,5263058,US,1741608740,1741650720,-18000,Milwaukee,200,
-87.9668,43.0006,"[{'id': 801, 'main': 'Clouds', 'description': 'few clouds', 'icon': '02n'}]",stations,287.09,285.71,286.19,287.92,1000,45,1000,974,10000,7.2,220,20.0,1741668296,2,5263058,US,1741608740,1741650720,-18000,Milwaukee,200,
-87.9668,43.0006,"[{'id': 801, 'main': 'Clouds', 'description': 'few clouds', 'icon': '02n'}]",stations,286.99,285.63,286.16,287.88,1000,46,1000,974,10000,7.2,220,20.0,1741668600,2,5263058,US,1741608740,1741650720,-18000,Milwaukee,200,
-87.9668,43.0006,"[{'id': 802, 'main': 'Clouds', 'description': 'scattered clouds', 'icon': '03n'}]",stations,287.07,285.72,286.1,287.78,1000,46,1000,974,10000,5.66,240,11.83,40,1741669859,2,5263058,US,1741695036,1741737192,-18000,Milwaukee,200.0
-87.9668,43.0006,"[{'id': 802, 'main': 'Clouds', 'description': 'scattered clouds', 'icon': '03n'}]",stations,286.54,285.19,285.24,287.33,1000,48,1000,974,10000,5.66,240,11.83,40,1741671101,2,5263058,US,1741695036,1741737192,-18000,Milwaukee,200.0
-87.9668,43.0006,"[{'id': 802, 'main': 'Clouds', 'description': 'scattered clouds', 'icon': '03n'}]",stations,286.02,284.67,285.05,287.19,1000,50,1000,974,10000,5.66,240,11.83,40,1741672298,2,5263058,US,1741695036,1741737192,-18000,Milwaukee,200.0
-87.9668,43.0006,"[{'id': 802, 'main': 'Clouds', 'description': 'scattered clouds', 'icon': '03n'}]",stations,285.84,284.5,284.92,286.67,1000,51,1000,974,10000,6.69,250,40.0,1741673702,2,5263058,US,1741695036,1741737192,-18000,Milwaukee,200,
-87.9668,43.0006,"[{'id': 800, 'main': 'Clear', 'description': 'clear sky', 'icon': '01n'}]",stations,285.1,283.76,284.49,286.01,1000,54,1000,974,10000,4.63,260,0.0,1741675229,2,5263058,US,1741695036,1741737192,-18000,Milwaukee,200,
-87.9668,43.0006,"[{'id': 800, 'main': 'Clear', 'description': 'clear sky', 'icon': '01n'}]",stations,284.84,283.5,283.81,285.38,1000,55,1000,974,10000,4.63,250,0.0,1741675839,2,5263058,US,1741695036,1741737192,-18000,Milwaukee,200,
-87.9668,43.0006,"[{'id': 801, 'main': 'Clouds', 'description': 'few clouds', 'icon': '02n'}]",stations,284.63,283.27,283.47,285.45,1000,55,1000,974,10000,4.12,240,20.0,1741677048,2,5263058,US,1741695036,1741737192,-18000,Milwaukee,200,
-87.9668,43.0006,"[{'id': 801, 'main': 'Clouds', 'description': 'few clouds', 'icon': '02n'}]",stations,284.3,282.96,283.33,285.45,1000,57,1000,975,10000,4.12,240,20.0,1741678064,2,5263058,US,1741695036,1741737192,-18000,Milwaukee,200,
-87.9668,43.0006,"[{'id': 800, 'main': 'Clear', 'description': 'clear sky', 'icon': '01n'}]",stations,283.78,282.44,282.88,285.01,1001,59,1001,975,10000,4.12,260,0.0,1741678539,2,5263058,US,1741695036,1741737192,-18000,Milwaukee,200,
-87.9668,43.0006,"[{'id': 800, 'main': 'Clear', 'description': 'clear sky', 'icon': '01n'}]",stations,283.76,282.42,282.88,284.83,1001,59,1001,975,10000,4.12,260,0.0,1741678912,2,5263058,US,1741695036,1741737192,-18000,Milwaukee,200,
-87.9668,43.0006,"[{'id': 800, 'main': 'Clear', 'description': 'clear sky', 'icon': '01n'}]",stations,283.76,282.42,282.88,284.83,1001,59,1001,975,10000,4.12,260,0.0,1741678912,2,5263058,US,1741695036,1741737192,-18000,Milwaukee,200,
-87.9668,43.0006,"[{'id': 801, 'main': 'Clouds', 'description': 'few clouds', 'icon': '02n'}]",stations,283.45,282.1,282.27,284.68,1001,60,1001,975,10000,3.09,250,20.0,1741680805,2,5263058,US,1741695036,1741737192,-18000,Milwaukee,200,
-87.9668,43.0006,"[{'id': 801, 'main': 'Clouds', 'description': 'few clouds', 'icon': '02n'}]",stations,283.15,281.93,281.64,284.45,1001,61,1001,975,10000,2.57,270,20.0,1741681756,2,5263058,US,1741695036,1741737192,-18000,Milwaukee,200,
-87.9668,43.0006,"[{'id': 800, 'main': 'Clear', 'description': 'clear sky', 'icon': '01n'}]",stations,282.29,280.91,280.6,283.9,1001,65,1001,976,10000,2.57,260,0.0,1741682884,2,5263058,US,1741695036,1741737192,-18000,Milwaukee,200,
-87.9668,43.0006,"[{'id': 800, 'main': 'Clear', 'description': 'clear sky', 'icon': '01n'}]",stations,282.33,280.95,280.6,283.9,1001,65,1001,976,10000,2.57,260,0.0,1741683006,2,5263058,US,1741695036,1741737192,-18000,Milwaukee,200,
-87.9668,43.0006,"[{'id': 800, 'main': 'Clear', 'description': 'clear sky', 'icon': '01n'}]",stations,282.26,280.87,280.53,283.9,1001,64,1001,976,10000,2.57,260,0.0,1741684319,2,5263058,US,1741695036,1741737192,-18000,Milwaukee,200,
-87.9668,43.0006,"[{'id': 800, 'main': 'Clear', 'description': 'clear sky', 'icon': '01n'}]",stations,281.85,280.05,279.64,283.34,1001,67,1001,976,10000,3.09,270,0.0,1741685462,2,5263058,US,1741695036,1741737192,-18000,Milwaukee,200,
-87.9668,43.0006,"[{'id': 800, 'main': 'Clear', 'description': 'clear sky', 'icon': '01n'}]",stations,281.81,280.0,279.67,283.34,1001,67,1001,976,10000,3.09,270,0.0,1741685911,2,5263058,US,1741695036,1741737192,-18000,Milwaukee,200,
-87.9668,43.0006,"[{'id': 800, 'main': 'Clear', 'description': 'clear sky', 'icon': '01n'}]",stations,281.81,280.0,279.67,283.34,1001,67,1001,976,10000,3.09,270,0.0,1741685911,2,5263058,US,1741695036,1741737192,-18000,Milwaukee,200,
-87.9668,43.0006,"[{'id': 800, 'main': 'Clear', 'description': 'clear sky', 'icon': '01n'}]",stations,281.43,280.29,279.53,282.78,1001,69,1001,976,10000,2.06,280,0.0,1741687606,2,5263058,US,1741695036,1741737192,-18000,Milwaukee,200,
-87.9668,43.0006,"[{'id': 800, 'main': 'Clear', 'description': 'clear sky', 'icon': '01n'}]",stations,281.84,280.37,279.64,283.12,1004,69,1004,978,10000,2.57,280,0.0,1741689355,2,5263058,US,1741695036,1741737192,-18000,Milwaukee,200,
-87.9668,43.0006,"[{'id': 804, 'main': 'Clouds', 'description': 'overcast clouds', 'icon': '04n'}]",stations,281.94,281.6,279.49,283.12,1004,69,1004,978,10000,1.34,312,2.68,100,1741689973,2,5263058,US,1741695036,1741737192,-18000,Milwaukee,200.0
-87.9668,43.0006,"[{'id': 804, 'main': 'Clouds', 'description': 'overcast clouds', 'icon': '04n'}]",stations,281.94,281.6,279.49,283.12,1004,69,1004,978,10000,1.34,312,2.68,100,1741690115,2,5263058,US,1741695036,1741737192,-18000,Milwaukee,200.0
-87.9668,43.0006,"[{'id': 804, 'main': 'Clouds', 'description': 'overcast clouds', 'icon': '04n'}]",stations,282.01,281.68,279.53,283.12,1004,69,1004,978,10000,1.34,281,2.68,100,1741690800,2,5263058,US,1741695036,1741737192,-18000,Milwaukee,200.0
-87.9668,43.0006,"[{'id': 801, 'main': 'Clouds', 'description': 'few clouds', 'icon': '02n'}]",stations,281.92,279.58,279.64,282.67,1004,70,1004,978,10000,4.12,310,20.0,1741692194,2,5263058,US,1741695036,1741737192,-18000,Milwaukee,200,
-87.9668,43.0006,"[{'id': 801, 'main': 'Clouds', 'description': 'few clouds', 'icon': '02n'}]",stations,281.92,279.58,279.64,282.67,1004,70,1004,978,10000,4.12,310,20.0,1741692194,2,5263058,US,1741695036,1741737192,-18000,Milwaukee,200,
-87.9668,43.0006,"[{'id': 801, 'main': 'Clouds', 'description': 'few clouds', 'icon': '02n'}]",stations,281.48,279.04,279.49,282.23,1005,71,1005,979,10000,4.12,310,20.0,1741693145,2,5263058,US,1741695036,1741737192,-18000,Milwaukee,200,
-87.9668,43.0006,"[{'id': 801, 'main': 'Clouds', 'description': 'few clouds', 'icon': '02n'}]",stations,281.22,278.72,279.23,282.2,1005,73,1005,979,10000,4.12,310,20.0,1741693942,2,5263058,US,1741695036,1741737192,-18000,Milwaukee,200,
-87.9668,43.0006,"[{'id': 801, 'main': 'Clouds', 'description': 'few clouds', 'icon': '02d'}]",stations,281.25,278.76,279.33,282.23,1005,71,1005,979,10000,4.12,330,20.0,1741695606,2,5263058,US,1741695036,1741737192,-18000,Milwaukee,200,
-87.9668,43.0006,"[{'id': 801, 'main': 'Clouds', 'description': 'few clouds', 'icon': '02d'}]",stations,281.58,278.93,279.64,282.36,1008,69,1008,982,10000,4.63,20,20.0,1741697794,2,5263058,US,1741695036,1741737192,-18000,Milwaukee,200,
-87.9668,43.0006,"[{'id': 800, 'main': 'Clear', 'description': 'clear sky', 'icon': '01d'}]",stations,279.93,276.88,278.68,281.81,1008,71,1008,982,10000,4.63,20,0.0,1741699051,2,5263058,US,1741695036,1741737192,-18000,Milwaukee,200,
-87.9668,43.0006,"[{'id': 803, 'main': 'Clouds', 'description': 'broken clouds', 'icon': '04d'}]",stations,278.94,274.98,277.73,281.2,1009,72,1009,983,10000,6.17,30,7.72,75,1741700289,2,5263058,US,1741695036,1741737192,-18000,Milwaukee,200.0
-87.9668,43.0006,"[{'id': 803, 'main': 'Clouds', 'description': 'broken clouds', 'icon': '04d'}]",stations,278.67,274.64,277.57,280.64,1009,72,1009,983,10000,6.17,30,7.72,75,1741700987,2,5263058,US,1741695036,1741737192,-18000,Milwaukee,200.0
-87.9668,43.0006,"[{'id': 802, 'main': 'Clouds', 'description': 'scattered clouds', 'icon': '03d'}]",stations,278.67,275.9,277.73,279.67,1009,70,1009,983,10000,3.58,19,8.49,40,1741702187,2,5263058,US,1741695036,1741737192,-18000,Milwaukee,200.0
-87.9668,43.0006,"[{'id': 802, 'main': 'Clouds', 'description': 'scattered clouds', 'icon': '03d'}]",stations,279.06,275.66,278.25,280.11,1011,62,1011,984,10000,4.92,42,10.28,40,1741703659,2,5263058,US,1741695036,1741737192,-18000,Milwaukee,200.0
-87.9668,43.0006,"[{'id': 802, 'main': 'Clouds', 'description': 'scattered clouds', 'icon': '03d'}]",stations,279.16,276.0,278.25,280.23,1011,61,1011,984,10000,4.47,355,9.39,40,1741704200,2,5263058,US,1741695036,1741737192,-18000,Milwaukee,200.0
-87.9668,43.0006,"[{'id': 802, 'main': 'Clouds', 'description': 'scattered clouds', 'icon': '03d'}]",stations,279.25,276.35,278.25,280.23,1011,60,1011,984,10000,4.02,37,10.28,40,1741704605,2,5263058,US,1741695036,1741737192,-18000,Milwaukee,200.0
-87.9668,43.0006,"[{'id': 803, 'main': 'Clouds', 'description': 'broken clouds', 'icon': '04d'}]",stations,279.32,274.93,278.18,280.64,1011,58,1011,984,10000,7.72,10,12.86,75,1741705800,2,5263058,US,1741695036,1741737192,-18000,Milwaukee,200.0
-87.9668,43.0006,"[{'id': 803, 'main': 'Clouds', 'description': 'broken clouds', 'icon': '04d'}]",stations,279.16,274.72,278.12,280.66,1012,58,1012,985,10000,7.72,10,12.86,75,1741707170,2,5263058,US,1741695036,1741737192,-18000,Milwaukee,200.0
-87.9668,43.0006,"[{'id': 803, 'main': 'Clouds', 'description': 'broken clouds', 'icon': '04d'}]",stations,279.09,274.63,278.12,280.66,1012,59,1012,985,10000,7.72,10,12.86,75,1741707600,2,5263058,US,1741695036,1741737192,-18000,Milwaukee,200.0
-87.9668,43.0006,"[{'id': 803, 'main': 'Clouds', 'description': 'broken clouds', 'icon': '04d'}]",stations,278.66,274.08,277.57,280.23,1012,62,1012,985,10000,7.72,10,12.86,75,1741708205,2,5263058,US,1741695036,1741737192,-18000,Milwaukee,200.0
-87.9668,43.0006,"[{'id': 800, 'main': 'Clear', 'description': 'clear sky', 'icon': '01d'}]",stations,278.56,273.63,277.24,280.24,1012,64,1012,985,10000,8.75,40,11.83,0,1741709623,2,5263058,US,1741695036,1741737192,-18000,Milwaukee,200.0
-87.9668,43.0006,"[{'id': 800, 'main': 'Clear', 'description': 'clear sky', 'icon': '01d'}]",stations,278.75,273.88,277.6,280.23,1012,62,1012,986,10000,8.75,40,11.83,0,1741711107,2,5263058,US,1741695036,1741737192,-18000,Milwaukee,200.0
-87.9668,43.0006,"[{'id': 800, 'main': 'Clear', 'description': 'clear sky', 'icon': '01d'}]",stations,278.66,273.76,277.88,280.2,1012,62,1012,986,10000,8.75,40,11.83,0,1741711751,2,5263058,US,1741695036,1741737192,-18000,Milwaukee,200.0
-87.9668,43.0006,"[{'id': 803, 'main': 'Clouds', 'description': 'broken clouds', 'icon': '04d'}]",stations,278.37,273.38,277.19,280.11,1012,62,1012,986,10000,8.75,30,12.86,75,1741712894,2,5263058,US,1741695036,1741737192,-18000,Milwaukee,200.0
-87.9668,43.0006,"[{'id': 803, 'main': 'Clouds', 'description': 'broken clouds', 'icon': '04d'}]",stations,278.38,273.39,277.19,280.79,1012,61,1012,986,10000,8.75,30,12.86,75,1741714025,2,5263058,US,1741695036,1741737192,-18000,Milwaukee,200.0
-87.9668,43.0006,"[{'id': 803, 'main': 'Clouds', 'description': 'broken clouds', 'icon': '04d'}]",stations,278.38,273.39,277.19,280.79,1012,61,1012,986,10000,8.75,30,12.86,75,1741714025,2,5263058,US,1741695036,1741737192,-18000,Milwaukee,200.0
-87.9668,43.0006,"[{'id': 803, 'main': 'Clouds', 'description': 'broken clouds', 'icon': '04d'}]",stations,278.48,273.52,277.19,280.64,1013,60,1013,986,10000,8.75,30,12.86,75,1741715102,2,5263058,US,1741695036,1741737192,-18000,Milwaukee,200.0
-87.9668,43.0006,"[{'id': 803, 'main': 'Clouds', 'description': 'broken clouds', 'icon': '04d'}]",stations,278.35,273.35,277.19,280.64,1013,60,1013,986,10000,8.75,30,12.86,75,1741715389,2,5263058,US,1741695036,1741737192,-18000,Milwaukee,200.0
-87.9668,43.0006,"[{'id': 802, 'main': 'Clouds', 'description': 'scattered clouds', 'icon': '03d'}]",stations,278.12,273.05,277.02,280.2,1013,60,1013,986,10000,8.75,40,13.38,40,1741716752,2,5263058,US,1741695036,1741737192,-18000,Milwaukee,200.0
-87.9668,43.0006,"[{'id': 802, 'main': 'Clouds', 'description': 'scattered clouds', 'icon': '03d'}]",stations,278.02,272.92,277.02,280.55,1013,60,1013,986,10000,8.75,40,13.38,40,1741717709,2,5263058,US,1741695036,1741737192,-18000,Milwaukee,200.0
-87.9668,43.0006,"[{'id': 802, 'main': 'Clouds', 'description': 'scattered clouds', 'icon': '03d'}]",stations,277.94,272.82,276.77,280.23,1013,60,1013,986,10000,8.75,40,13.38,40,1741719183,2,5263058,US,1741695036,1741737192,-18000,Milwaukee,200.0
-87.9668,43.0006,"[{'id': 803, 'main': 'Clouds', 'description': 'broken clouds', 'icon': '04d'}]",stations,277.98,273.37,276.77,280.23,1013,59,1013,986,10000,7.2,40,12.86,75,1741720094,2,5263058,US,1741695036,1741737192,-18000,Milwaukee,200.0
-87.9668,43.0006,"[{'id': 803, 'main': 'Clouds', 'description': 'broken clouds', 'icon': '04d'}]",stations,277.83,273.18,277.05,280.11,1013,60,1013,986,10000,7.2,40,12.86,75,1741720800,2,5263058,US,1741695036,1741737192,-18000,Milwaukee,200.0
-87.9668,43.0006,"[{'id': 803, 'main': 'Clouds', 'description': 'broken clouds', 'icon': '04d'}]",stations,277.83,273.18,277.05,280.11,1013,60,1013,986,10000,7.2,40,12.86,75,1741720800,2,5263058,US,1741695036,1741737192,-18000,Milwaukee,200.0
-87.9668,43.0006,"[{'id': 803, 'main': 'Clouds', 'description': 'broken clouds', 'icon': '04d'}]",stations,277.59,272.87,276.45,279.67,1013,59,1013,987,10000,7.2,40,12.86,75,1741721907,2,5263058,US,1741695036,1741737192,-18000,Milwaukee,200.0
-87.9668,43.0006,"[{'id': 803, 'main': 'Clouds', 'description': 'broken clouds', 'icon': '04d'}]",stations,277.59,272.87,276.45,279.9,1013,59,1013,987,10000,7.2,40,12.86,75,1741722582,2,5263058,US,1741695036,1741737192,-18000,Milwaukee,200.0
-87.9668,43.0006,"[{'id': 800, 'main': 'Clear', 'description': 'clear sky', 'icon': '01d'}]",stations,277.72,273.88,276.46,279.78,1013,58,1013,987,10000,5.14,60,8.23,0,1741723895,2,5263058,US,1741695036,1741737192,-18000,Milwaukee,200.0
-87.9668,43.0006,"[{'id': 802, 'main': 'Clouds', 'description': 'scattered clouds', 'icon': '03d'}]",stations,277.25,272.43,276.19,279.55,1014,61,1014,987,10000,7.2,50,10.8,40,1741725055,2,5263058,US,1741695036,1741737192,-18000,Milwaukee,200.0
-87.9668,43.0006,"[{'id': 802, 'main': 'Clouds', 'description': 'scattered clouds', 'icon': '03d'}]",stations,277.12,272.26,276.19,279.34,1014,60,1014,987,10000,7.2,50,10.8,40,1741725839,2,5263058,US,1741695036,1741737192,-18000,Milwaukee,200.0
-87.9668,43.0006,"[{'id': 802, 'main': 'Clouds', 'description': 'scattered clouds', 'icon': '03d'}]",stations,277.13,272.28,276.13,279.34,1014,60,1014,987,10000,7.2,50,10.8,40,1741726127,2,5263058,US,1741695036,1741737192,-18000,Milwaukee,200.0
-87.9668,43.0006,"[{'id': 802, 'main': 'Clouds', 'description': 'scattered clouds', 'icon': '03d'}]",stations,277.13,272.28,276.13,279.0,1014,60,1014,987,10000,7.2,40,10.29,40,1741727292,2,5263058,US,1741695036,1741737192,-18000,Milwaukee,200.0
-87.9668,43.0006,"[{'id': 802, 'main': 'Clouds', 'description': 'scattered clouds', 'icon': '03d'}]",stations,277.1,272.24,276.13,279.0,1014,60,1014,987,10000,7.2,40,10.29,40,1741727980,2,5263058,US,1741695036,1741737192,-18000,Milwaukee,200.0
-87.9668,43.0006,"[{'id': 802, 'main': 'Clouds', 'description': 'scattered clouds', 'icon': '03d'}]",stations,276.76,271.8,275.66,278.56,1014,61,1014,987,10000,7.2,40,10.29,40,1741728638,2,5263058,US,1741695036,1741737192,-18000,Milwaukee,200.0
-87.9668,43.0006,"[{'id': 802, 'main': 'Clouds', 'description': 'scattered clouds', 'icon': '03d'}]",stations,276.78,271.83,275.69,278.56,1014,61,1014,987,10000,7.2,40,10.29,40,1741729200,2,5263058,US,1741695036,1741737192,-18000,Milwaukee,200.0
-87.9668,43.0006,"[{'id': 802, 'main': 'Clouds', 'description': 'scattered clouds', 'icon': '03d'}]",stations,276.6,271.59,275.66,278.11,1014,62,1014,987,10000,7.2,40,10.29,40,1741729807,2,5263058,US,1741695036,1741737192,-18000,Milwaukee,200.0
-87.9668,43.0006,"[{'id': 800, 'main': 'Clear', 'description': 'clear sky', 'icon': '01d'}]",stations,276.67,272.57,276.09,277.67,1014,62,1014,987,10000,5.14,50,0.0,1741730894,2,5263058,US,1741695036,1741737192,-18000,Milwaukee,200,
-87.9668,43.0006,"[{'id': 803, 'main': 'Clouds', 'description': 'broken clouds', 'icon': '04d'}]",stations,276.16,271.67,275.19,277.67,1014,63,1014,987,10000,5.66,30,75.0,1741732178,2,5263058,US,1741695036,1741737192,-18000,Milwaukee,200,
-87.9668,43.0006,"[{'id': 803, 'main': 'Clouds', 'description': 'broken clouds', 'icon': '04d'}]",stations,276.0,271.47,275.11,277.45,1015,64,1015,988,10000,5.66,30,75.0,1741732723,2,5263058,US,1741695036,1741737192,-18000,Milwaukee,200,
-87.9668,43.0006,"[{'id': 803, 'main': 'Clouds', 'description': 'broken clouds', 'icon': '04d'}]",stations,275.94,271.4,275.11,277.45,1015,65,1015,988,10000,5.66,30,75.0,1741733209,2,5263058,US,1741695036,1741737192,-18000,Milwaukee,200,
-87.9668,43.0006,"[{'id': 803, 'main': 'Clouds', 'description': 'broken clouds', 'icon': '04d'}]",stations,275.9,271.35,275.11,277.45,1015,65,1015,988,10000,5.66,30,75.0,1741733385,2,5263058,US,1741695036,1741737192,-18000,Milwaukee,200,
